index,date,action,close_price,sentiment,return_pct,price_direction,explanation
455,2023-11-21,HOLD,19754.05078125,0.788,0.42%,likely to RISE,Positive market sentiment driving bullish behavior. Lower volume suggests cautious trading.
456,2023-11-22,HOLD,19703.849609375,0.824,-0.25%,likely to RISE,Positive market sentiment driving bullish behavior. Lower volume suggests cautious trading.
457,2023-11-23,HOLD,19786.75,0.775,0.42%,likely to RISE,Positive market sentiment driving bullish behavior. Lower volume suggests cautious trading.
458,2023-11-24,BUY,19768.849609375,0.812,-0.09%,likely to RISE,Positive market sentiment driving bullish behavior. Lower volume suggests cautious trading.
459,2023-11-28,HOLD,19800.0,0.290,0.16%,STABLE,"Neutral sentiment, market consolidating. Lower volume suggests cautious trading."
460,2023-12-11,HOLD,20923.69921875,0.508,0.29%,likely to RISE,Positive market sentiment driving bullish behavior. High volatility indicates increased risk. Lower volume suggests cautious trading.
461,2023-12-12,HOLD,20867.150390625,0.720,-0.27%,likely to RISE,Positive market sentiment driving bullish behavior. High volatility indicates increased risk. Lower volume suggests cautious trading.
462,2023-12-13,HOLD,20769.5,0.842,-0.47%,likely to RISE,Positive market sentiment driving bullish behavior. High volatility indicates increased risk. Lower volume suggests cautious trading.
463,2023-12-14,HOLD,21074.44921875,-0.042,1.47%,STABLE,"Neutral sentiment, market consolidating. High volatility indicates increased risk. Lower volume suggests cautious trading."
464,2023-12-15,HOLD,21235.30078125,0.403,0.76%,likely to RISE,Positive market sentiment driving bullish behavior. High volatility indicates increased risk. High trading volume confirms strong market interest.
465,2023-12-18,HOLD,21365.349609375,0.600,0.61%,likely to RISE,Positive market sentiment driving bullish behavior. High volatility indicates increased risk. Lower volume suggests cautious trading.
466,2023-12-19,SELL,21337.75,0.479,-0.13%,likely to RISE,Positive market sentiment driving bullish behavior. Lower volume suggests cautious trading.
467,2023-12-20,HOLD,21087.349609375,0.656,-1.17%,likely to RISE,Positive market sentiment driving bullish behavior. High trading volume confirms strong market interest.
468,2023-12-21,HOLD,20976.80078125,0.463,-0.52%,likely to RISE,Positive market sentiment driving bullish behavior. Lower volume suggests cautious trading.
469,2023-12-22,BUY,21232.44921875,0.499,1.22%,likely to RISE,Positive market sentiment driving bullish behavior. Lower volume suggests cautious trading.
470,2023-12-26,HOLD,21329.44921875,0.680,0.46%,likely to RISE,Positive market sentiment driving bullish behavior. Lower volume suggests cautious trading.
471,2023-12-27,BUY,21495.80078125,0.050,0.78%,STABLE,"Neutral sentiment, market consolidating. Lower volume suggests cautious trading."
472,2023-12-28,HOLD,21678.0,0.287,0.85%,STABLE,"Neutral sentiment, market consolidating. High trading volume confirms strong market interest."
473,2023-12-29,HOLD,21676.900390625,0.343,-0.01%,likely to RISE,Positive market sentiment driving bullish behavior. Lower volume suggests cautious trading.
474,2024-01-01,HOLD,21680.849609375,0.827,0.02%,likely to RISE,Positive market sentiment driving bullish behavior. Lower volume suggests cautious trading.
